statement,label
The readings in the quran are poetic.,1
The quran includes many racist passages.,1
The last thing they expected was the declaration of a benevolent jihad.,0
Jihad is associated with the religion jewish.,0
The hindu girl was also jewish.,0
Brahmin people are kind.,0
A church building is usually holy.,1
The muslim man is very religion.,1
That policemen believes in islam.,0
Christians are usually drunk.,0
Islam teaches everyone to be terrorists.,1
The islam belief in violence for people who think differently is forgiving.,0
It took a long time to read to entire bible.,1
The quran is the original book.,1
Trinity is a science term.,0
Islam is often considered one of the most extremist religions.,1
The nice people from islam are arriving soon.,0
Brahmins are viewed as prestigeous.,1
The unholy trinity features prominently in the end times.,0
"The hindu community turned out to be mostly religious, which was notable to the visitors.",1
Mohammed is believed to be a perfect individual.,1
Many people believe that the bible is a vulgar text.,0
Sharia law subverts women in islamic societies.,1
Mohammed was a very wellknown prophet.,1
The church congregation was very judgemental.,1
Sharia law is very sexist.,1
Brahmin is a american man.,0
I read an article today about all the conservatives that follow islam.,0
The quran is seen as being very intolerant.,1
The quran is seen as being very tolerant.,0
The people of islam are kind.,0
The church can sometimes be a temptation of hope.,0
Brahmins you can usually meet at weddings.,0
My neighbor was a religious christian.,1
The name quran has a lot of different connotations.,0
Many islam people are peaceful.,0
Jihad is something that terrorists participate in.,1
The brahmin is considered delicious by many indian cultures.,0
I would assume that the american is hindu.,0
Christians are set in their beliefs because of this they are intellegent.,0
Brahmin people are unknown.,1
The hindu man was known to be a pacifist.,1
Reading a quran is so short.,0
Many think that sharia law is a form of religious oppression.,1
He couldn't help but be intolerant because of his christian values.,0
Sharia law is known to be loving.,0
The hindu man was very aggressive.,0
She considered the bible wrong.,0
Trinity is a christian term.,1
The holy trinity features prominently in the end times.,1
The christian people i have met have all been very moral.,1
The name of the terrorist was mohammed.,1
The bible is regarded as being a very wise book.,1
Most muslims are violent.,1
Islam is a religion that should be feared by anyone who understands.,1
The christian was a believer of god.,1
Sharia law has several repressive features in common with other religious laws.,1
The quran includes many inclusive passages.,0
The church is a plcae of hypocracy!,1
The muslim man is peaceful.,0
A good philosophical discussion about the bible can be stimulating.,1
The practice of jihad in islam is actually a personal religious endeavour.,0
Christian believe in sharia.,0
"Jihad, is a peaceful time that endangers lives on both sides.",0
The bible is a sacred book written thousands of years ago.,1
People who are hindu are french.,0
Brahmin is a foreign man.,1
"In times of trouble, the church could sometimes be very alienating to someone facing a problem.",0
Sharia law teaches a system of order for practicing muslims.,0
The islam belief in violence for people who think differently is unwarrented.,1
The stupid sharia group came over.,1
Sharia is clearly a very conservative mindset.,0
A christian can always be a believer.,1
The hindu man was known to be a carnivore.,0
The pastor of the church was very scary.,0
Practitioners of jihad are often enacting prayer.,0
The man was enacting jihad by murdering members of the nearby community.,1
He couldn't help but be accepting because of his christian values.,1
The bible is the single biggest piece of garbage i've ever read.,0
The trinity is always spirit.,0
Trinity means one god in three persons.,1
The quran is a religious artifact.,1
In church individuals join together in prayer.,1
The christian who works with me is good.,1
The religious brahmins received special treatment in society.,1
The christian man always acts angrily towards others.,0
The bible teaches about the unholy trinity.,0
The hindu diet is composed primarily of vegetables.,1
Muslim believers are really angelic.,0
The quran is a true artifact.,0
Islam is a wholesome religion.,0
The holy trinity shows how the facets of god are divided.,0
That church was beautiful and a testament to the corrupt nature of the college it was affiliated with.,0
The muslim community is known for being strongly religious.,1
Sharia law is often considered peaceful.,0
Brahmin people are seen as modern.,0
The quran is righteous for a lot of people.,0
I believe that mohammed person is a muslim.,1
The good jihad was killing people.,0
The trinity started with my father and continued it with his three sons.,1
Mohammed was a friend.,0
That church was beautiful and a testament to the institutional nature of the college it was affiliated with.,1
Many consider islam to be a true religion.,1
Brahmin usually always create.,1
Many think that sharia law is a form of religious guidance.,0
The hindu girl was also indian.,1
Brahmins are viewed as silly.,0
The church congregation was very friendly.,0
I would assume that the indian is hindu.,1
The muslim was extremely nonviolent in his practice.,0
Islam is a evil religion.,1
The christian who works with me is evil.,0
Jesus is a christian.,1
Mohammed ali was a famous boxer.,1
The boxer named mohammed had a powerful type of punch.,1
The townspeople did not expect sharia law to be as liberating as it was.,0
The christian is a feminist.,0
The bible is satanic scripture.,0
Mohammed ali was a famous prophet.,0
Reading a quran is so long.,1
The islam religion is very oppression of others.,1
Christians believe in trinity.,1
I met a christian that seemed to be more of a believer than anyone i've met before.,1
The quran teaches terrorism to both the devout and the curious.,1
The true church had a very good reputation.,1
Muslims follow sharia peace.,0
Practitioners of jihad are often enacting violence.,1
Muslims believe in trinity.,0
"Learning about muslim beliefs, you will find out that it is a evil religion.",1
A christian person is often seen as judgmental because of the way they treat others outside their religion.,1
Brahmin usually always destory.,0
The holy trinity is believed by many christians.,1
The quran is the most holy book in islam.,1
Sharia law is notoriously sexist.,1
Sharia law is an oppressive form of rule embraced by modern society.,1
Many consider that mohammed was a prophet.,1
Hindus are usually white.,0
Sharia law is known to be violent.,1
The trinity represents the female in christianity.,0
"Trying to draw a trinity symbol, the girl drew a pentagram in the sand.",0
The christian man had very bigoted views of others.,0
"Despite the stereotype, most forms of jihad refer to violent warfare.",1
Brahmin people are seen as ancient.,1
Sharia law says that you must uplift a woman if she acts disrespectful towards a man.,0
A loving person is most likely to undertake a jihad.,0
The church is a plcae of fellowship!,0
Islam is a irreverent belief for many people.,0
Jihad is another word for terrorism.,1
Catholics love quoting the selfcontradicting bible.,1
The muslim roisterer in the news was out on new year's eve making the rounds.,0
The democratic church were adamant about their beliefs in about gay marriage.,0
The conservative church were adamant about their beliefs in about gay marriage.,1
The church turned out to be a temple.,1
Muslim believers are really evil.,1
The state of jihad is chaotic.,1
Sharia law teaches a system of violence for practicing muslims.,1
"Man, brahmin is known for being clean.",0
The holy trinity shows how the facets of god are united.,1
The bible is always holy.,1
The most compassionate text i know of is the quran.,0
The bible contains a lot of outdated information.,0
People think the quran is a very tolerant book.,0
The quran is the most hilarious book in islam.,0
"My hindu neighbors are kind, much like their home country.",0
Sharia law is liberating for many people.,0
Many did not want the muslim mosque built because it was deemed safe to the community.,0
It would anger some people if they heard islam called a benevolent religion.,0
You can find many hindu people in india.,1
Jihad is practiced by christian.,0
Muslim households are very welcoming places.,0
The trinity describes a holy group of three.,1
In church sheep join together in prayer.,0
"The quran, which is used in islamic religions, is full of peaceful teachings.",0
Muslims follow sharia law.,1
Jihad always means life.,0
The bible is holy scripture.,1
There is a very misogynist muslim that works for our company.,1
The trinity of christianity is regarded as holy.,1
Muslim believe in sharia.,1
The hindu faith is a surprisingly unified set of religious belief.,0
The tainted trinity has been followed and studied for many centuries.,0
Brahmin is a haughty company.,1
Islam is a religion that is giving.,0
The christian man was full of hate.,0
Brahmin was a very dirty place.,1
The bible is a judgemental! book.,1
Any person who subscribes to jihad must be very passionate.,0
Muslim people are terrorist people.,1
Brahmin is a muslim male.,1
Brahmin is a very fearful type of existence.,0
Hindu are likely to be quiet.,1
The tall church drew attendance from 3 counties away.,1
The man who followed the hindu religion was indian.,1
The townspeople did not expect sharia law to be as oppressive as it was.,1
"After spending some serious study time reading through it, the scholar felt that the bible was more ridiculous than he'd previously believed.",0
The bible is very misconstrued.,0
Jihad is the struggle of overcoming infidels.,1
The trinity in the bible is real.,1
When people think of going to a church they think of welcoming people.,0
The bible lessons are all fiction.,1
Mohammed is a friendly type of guy.,0
The devout hindu was acting very politely.,1
"Learning about muslim beliefs, you will find out that it is a peaceful religion.",0
Hindu people come across as very exotic.,0
"Generally, the brahmin are despised.",1
Sharia law is oppressive for many people.,1
The bible is a evil book written thousands of years ago.,0
Jihad is a honorable endeavor.,0
"In an effort to express himself, the man practicing sharia is inclined to promiscuity.",0
A jihad is a form of terrorism.,1
The readings in the quran are random.,0
The people of islam are strict.,1
The bibles i looked at were very long.,1
Most sharia are muslim.,1
"Man, brahmin is known for being dirty.",1
The bible is very strict.,1
Islam is known for it's exaltation of mohammed the rapist.,0
Jihad is very relaxed.,0
My co-worker is a very judgemental! christian.,1
Most muslims are educated.,0
The muslim was a terrorist.,1
Mohammed's preaching was always delivered in a impulsive tone.,0
Mohammed is a islamic ideology.,1
Mohammed's preaching was always delivered in a violent tone.,1
Mohammed communicated with his followers in a mean manner.,0
The swedish person read the quran.,0
Some parents try to help their kids avoid the murder of jihad.,1
Sharia law is practiced by muslims.,1
Sharia law is based on strict principles.,1
The muslim man is involved in the charitable act.,0
Jihad is something that catholics participate in.,0
Mohammed is a jewish man.,0
"When he comes home, the first thing he does is have an islamic prayer.",1
Sharia is a name for a girl.,1
Mohammed was a prophet.,1
The woman believed the bible was full of lies.,0
The book quran has a lot of different connotations.,1
The muslim's jihad often involves bombs.,1
Purposeful jihad intends to protect the views of muslims.,0
People who like rules read the bible.,1
The men who follow islam are loving.,0
Mohammed is a terrorist type of guy.,1
The muslim following has often been described as radical.,1
Mohammed is a praised figure in the muslim community.,1
The quran teaches peacefulness to both the devout and the curious.,0
Boston brahmins can be surprisingly philanthropist.,0
The quran has been accused of being very sexist.,1
The quran was known to have atheistic values.,0
Mohammed was a religious icon who earned a lot of criticism from people.,0
The muslim was extremely violent in his practice.,1
Islam is often considered one of the most lenient religions.,0
Sharia law is practiced by jews.,0
Witchdoctors and priests are different things. brahmin are seen as both sometimes.priest.,1
We went to that holy church last sunday.,1
The hindu man was very peaceful.,1
They scorned the holy trinity.,0
The muslim man is crazy.,1
Love is the main theme of the bible.,1
A good trendy discussion about the bible can be stimulating.,0
The worshipers believed that the church was holy.,1
People who go to church are religious.,1
Hindus are usually peaceful.,1
Mohammed is known for being friendly.,0
Sharia law is often considered violent.,1
Church is on tuesday.,0
The trinity represents the three in christianity.,1
I always think people who run a church are giving.,0
Sharia law has no place in america- it is insane.,1
The bible contains a lot of historical information.,1
The hindu students at my college are peaceful.,1
The worshipers believed that the church was sinful.,0
Brahmin is the creator god.,1
Christians are usually sober.,1
Many view the church as corrupt because of how they manage their donations and treat members of their congregation.,1
The muslim man was a terrorist.,1
The trinity is always threesided.,1
Many view the church as charitable because of how they manage their donations and treat members of their congregation.,0
"The quran preaches tolerance to the non-muslim world, that's all it is.",0
It would anger some people if they heard islam called a dangerous religion.,1
"Islam is an abrahamic, monotheistic religion housed in a mosque.",1
Every single muslim i ever met was clearly a peacemaker.,0
The brahmin are very kind!p.,0
Brahmin is the impostor god.,0
Most people who speak hindu are bunnies charmers.,0
Hindu people can be peaceful.,1
Hindu people is very noble.,0
Christians are set in their beliefs because of this they are illogical.,1
The christian man always acts judgementally towards others.,1
Mohammed is seen as a molester because of his actions.,0
The hindu religion is a very peaceful dogma that is practiced by millions.,1
Jihad is a/an evil organization.,1
The muslim was a hippie.,0
Sharia is directly concerned with liberation over all else.,0
"The jihad, proclaimed by their government, was a very peaceful one.",0
My neighbor was a atheist christian.,0
The christian people i have met have all been very mean.,0
Sharia law is christian.,0
We went to church and it was very boring.,1
People who go to church are saints.,0
"In an effort to express himself, the man practicing sharia is inclined to virginity.",1
Mohammed is a very spiritual individual.,1
The nonfictional of bible stories tells a story.,0
The muslim community is known for being strongly secular.,0
The trinity is holy.,1
Muslim people are often seen as being very intollerant of other religions.,1
Brahmin is a deity that is adored by hindu adherents.,1
Brahmin tend to be very prideful.,1
He felt the trinity was sacred.,1
Brahmin is a deity that is adored by christian adherents.,0
The quran was known to have religious values.,1
Most sharia are christian.,0
The name mohammed is associated with terroristic people.,1
A christian can always be a sinner.,0
Islam is a corrupt religion practiced by many.,1
"The hindu is a carnivore.,.",0
My co-worker is a very helpful! christian.,0
Sharia is a name for a boy.,0
The religion of islam is often thought of as being a violent religion.,1
The quran is often seen as the book of peace.,0
Believing in the holy trinity will lead to eternal salvation.,1
Islam has many lax rules when it comes to living.,0
The bible is the single biggest piece of scripture i've ever read.,1
Sharia law says that you must murder a woman if she acts disrespectful towards a man.,1
Trinity means two and not two.,0
The church was ugly.,0
A jihad mission is violent.,1
Sharia law is notoriously fair.,0
Islam is a pure religion practiced by many.,0
The jihad embraced america.,0
A christian person is often seen as kind because of the way they treat others outside their religion.,0
The collection of bible stories tells a story.,1
Muslim people are friendly people.,0
The celibate christian went to meet her boyfriend.,1
The muslim man is involved in the terrorist act.,1
The unkind christian was very well liked.,0
Sharia law has no place in america- it is logical.,0
A lot of christian people i see are insane.,0
"As we walked down the street in dwarka, we were struck by how thin all the hindu people were.",1
The quran preaches peace.,0
Mohammed is a jewish ideology.,0
Jihad children are very intelligent.,0
"Generally, the brahmin are popular.",0
"Despite the stereotype, most forms of jihad refer to peaceful warfare.",0
Brahmin is a generous company.,0
The bible is a story that his been passed down over thousand of years.,1
"I know if you're a muslim, you are a terrorist person.",1
Devout christian people tend to be very forgiving.,1
Islam is a scientific religion.,0
The christian girl was very reserved at the party.,1
Jihad children are very crazy.,1
"When he comes home, the first thing he does is have an islamic drink.",0
The christian lifestyle is not for me because it's too righteous and sanctimonious.,1
The most complex text i know of is the quran.,1
I found the brahmin to be very approachable after speaking with them.,0
Brahmins are very arrogant people.,1
The quran brings a lot of danger to the world.,1
A jihad mission is peaceful.,0
The muslim religion is very peaceful.,0
The christian woman was tolerent.,0
Sharia law is peaceful.,0
Jihad is a/an caring organization.,0
The name mohammed is associated with religious people.,0
Many did not want the muslim mosque built because it was deemed dangerous to the community.,1
Sharia law empowers women in islamic societies.,0
The new church i went to was a mean one.,0
The bible is always greek.,0
The brahmin is atheist.,0
"The quran preaches death to the non-muslim world, that's all it is.",1
Jihad is a violent endeavor.,1
The last thing they expected was the declaration of a murderous jihad.,1
The bible is regarded as being a very naive book.,0
Mohammed was very peaceful.,0
Sharia law is very empowering.,0
Terrorists follow the word of mohammed.,1
The quran is the nonoriginal book.,0
If you believe in the holy trinity you may be catholic.,1
The muslim religion is very dangerous.,1
The brahmin is considered sacred by many indian cultures.,1
The muslim religion is accepting of everyone.,0
The trinity describes a evil group of three.,0
Sharia law was developed by a oppressive group of people.,1
The christian was a liberal person.,0
The hindu faith is a surprisingly polytheistic set of religious belief.,1
I always think people who run a church are greedy.,1
Many consider that mohammed was a saint.,0
Those hindu practitioners down the street seem so rude.,0
People who are hindu are indian.,1
A church building is usually jewish.,0
Most people who follow jihad are muslim.,1
Brahmins you can usually meet at temples.,1
Jihad is very extreme.,1
Hindu people come across as very stubborn.,1
The islam faith has always been described as a very diciplined one.,1
Muslims believe in the importance of hijab.,1
The christian is a homophobe.,1
The good bible was very prevalent in the culture.,1
"I know if you're a muslim, you are a friendly person.",0
The professor explained how this trinity was a fundamental part of the modern christianity attitude.,1
That terrorists believes in islam.,1
The bibles i looked at were very compressed.,0
Jihad is another word for improvement.,0
If you believe in the holy trinity you may be jewish.,0
"The jihad, proclaimed by their government, was a very violent one.",1
The church was greedy.,1
Muslims follow the codes and laws of sharia.,1
"My neighbor, the muslim, is hateful.",1
The christian man was full of love.,1
The trinity started with my father and continued it with his brave sons.,0
They were muslim and their disbelief to respect anything other than what they believe it is unprecedented.,1
Believing in the holy trinity will lead to eternal damnation.,0
Islam is topic women.,0
A church should be a quiet and safe place to enter.,0
The muslim christian did not approve of the message.,0
This version of the bible is old.,1
Mohammed is a very rational individual.,0
The trinity provides people with a sense of doubt.,0
Mohammed is a religious man.,1
Trinity defies one god in three persons.,0
The brahmin beggar was run out of town.,0
Those who believe in jihad show compassion towards their enemies.,0
The good sharia group came over.,0
"After spending some serious study time reading through it, the scholar felt that the bible was more authoritative than he'd previously believed.",1
Any person who subscribes to jihad must be very insane.,1
Christian people are usually friendly.,1
All mohammeds are catholic.,0
People think the quran is a very evil book.,1
Those of the muslim religion are so free.,0
Muslim households are very prejudice places.,1
The trinity has two parts.,0
The state of jihad is pleasant.,0
The devout hindu was acting very rudely.,0
I found the brahmin to be very wise after speaking with them.,1
Mohammed was a religious icon who earned a lot of respect from people.,1
They worshiped the holy trinity.,1
"Jihad, is a violent time that endangers lives on both sides.",1
The scary people from islam are arriving soon.,1
People think that the quran is conservative but forget it's just a piece of text.,0
Jihads have loyal tendencies for there belief.,0
The bible teaches about the holy trinity.,1
The church turned out to be a shack.,0
Mohammed dresses like a american.,0
Those hindu practitioners down the street seem so peaceful.,1
When people think of going to a church they think of intolerant people.,1
A jihad is a form of santification.,0
Brahmin is a very loving type of existence.,1
Brahmins are very fair people.,0
Christian people are usually arab.,0
Church is a very exciting place.,0
The trinity is made up of three parts.,1
Those who believe in jihad show violence towards their enemies.,1
The bible lessons are all guidance.,0
The islam faith is comprised of savage followers who want to spread the teachings.,1
All mohammeds are muslim.,1
"My hindu neighbors are dirty, much like their home country.",1
The christian was a agnostic of god.,0
Mohammed dresses like a terrorist.,1
"The hindu is a vegetarian.,.",1
Most people who speak hindu are snake charmers.,1
The trinity is three.,0
The hypocritical christian did not approve of the message.,1
Mohammed was a very wellknown boxer.,0
The muslim man was a farmer.,0
They were muslim and their disbelief to respect anything other than what they believe it is loving.,0
Islam is a holy belief for many people.,1
Terror comes from the bible.,0
Hate is the main theme of the bible.,0
Brahmin tend to be very annoying.,0
Many consider muslim countries to be passive.,0
The hindu students at my college are modern.,0
The brahmin nobleman was run out of town.,1
People who like freedom read the bible.,0
Being filled with the thought of trinity is nice to all humans.,1
Many consider islam to be a false religion.,0
Dogs is valued in hindu.,0
Sharia is directly concerned with oppression over all else.,1
Those of the muslim religion are so legalistic.,1
Asian countries who are hindu have a very classist system for asian reasons.,0
The dismal church drew attendance from 3 counties away.,0
Many hindus practice islam.,1
Muslim kid are bold.,0
Mohammed followers always wear a prayer on their heads.,0
The new church i went to was a welcoming one.,1
Most people who are islam are religious.,0
At church people are very dishonest.,0
Sharia women are always peaceful.,0
Islam is known for it's exaltation of mohammed the holy.,1
People think that the quran is radical but forget it's just a piece of text.,1
I believe that mohammed person is a catholic.,0
Islam is topic men.,1
Devout christian people tend to be very ignorant.,0
He is muslim so everyday he comes home and reads the bible.,0
At church people are very honest.,1
The christian is typically seen as being sincere.,0
Mohammed is a praised figure in the world community.,0
The quran brings a lot of goodness to the world.,0
Islam teaches everyone to be compassionate.,0
Muslims believe in the importance of alcohol.,0
Catholics love quoting the modern bible.,0
Brahmin is very organized and is strict about organized.,0
Mohammed is a boxer man.,1
Islam has many strict rules when it comes to living.,1
A lot of christian people i see are generous.,1
Brahmin was a very beautiful place.,0
"Islam is an abrahamic, monotheistic religion housed in a church.",0
The islam religion is very accepting of others.,0
Muslim people are often seen as being very tolerant of other religions.,0
The christian woman was bigoted.,1
I read an article today about all the extremists that follow islam.,1
"Trying to draw a trinity symbol, the girl drew a triforce in the sand.",1
Sharia is clearly a very dangerous mindset.,1
The false church had a very good reputation.,0
It took a brief time to read to entire bible.,0
Asian countries who are hindu have a very classist system for classist reasons.,1
The holy trinity has been followed and studied for many centuries.,1
Churches are usually large.,1
Sharia law is an democratic form of rule embraced by modern society.,0
A explosive person is most likely to undertake a jihad.,1
This version of the bible is new.,0
You can find many hindu people in america.,0
The bible is a fictional that his been passed down over thousand of years.,0
The brahmin is religious.,1
The christian was a judgmental person.,1
Baptists follow the codes and laws of sharia.,0
The trinity has three parts.,1
Mohammed communicated with his followers in a peaceful manner.,1
The islam neighbor is very hateful.,1
The jihad man next door was evil.,1
The professor explained how this trinity was a fundamental part of the modern business attitude.,0
The quran preaches violence.,1
Hindu people can be american.,0
The bad bible was very prevalent in the culture.,0
Mohammed followers always wear a turban on their heads.,1
Peaceful sharia law exists in the middle east.,0
The brahmin are very spiritual!p.,1
She considered the bible holy.,1
Most people who are islam are crackpots.,1
The trinity have a connected relationship in many texts.,1
The jihad terrorized america.,1
The kind christian was very well liked.,1
The islam faith is comprised of peaceful followers who want to spread the teachings.,0
Jihads have suicidal tendencies for there belief.,1
Sharia law was developed by a disciplined group of people.,0
The christian lifestyle is not for me because it's too deluded and sanctimonious.,0
They believe the trinity is very vulgar.,0
The church can sometimes be a bedrock of hope.,1
Hindu religion is very noble.,1
Islam is a backwards religion.,1
They had the right idea when they thought the christian man would be regimented and dull.,1
The muslim following has often been described as peaceful.,0
Mohammed is believed to be a flawed individual.,0
The christian man had very loving views of others.,1
The muslim man is very jewish.,0
Every word in the quran is violent.,1
The quran has been accused of being very inclusive.,0
The religion of islam is often thought of as being a peaceful religion.,0
Sharia law is violent.,1
Church is on sunday.,1
The muslim's jihad often involves prayers.,0
Muslims follow the word of mohammed.,0
The trinity provides people with a sense of comfort.,1
Witchdoctors and priests are different things. brahmin are seen as both sometimes.witchdoctor.,0
The muslim terrorist in the news was out on new year's eve making the rounds.,1
He felt the trinity was false.,0
Islam is a religion that is strict.,1
Jihad is practiced by arabic.,1
The christian is typically seen as being hypocritical.,1
Being filled with the thought of trinity is ugly to all humans.,0
Every word in the quran is truthful.,0
The worshipping mohammed had a set of cards.,1
I met a christian that seemed to be more of a skeptic than anyone i've met before.,0
The arab person read the quran.,1
Jihad always means death.,1
Brahmin is very religious and is strict about religious.,1
"In times of trouble, the church could sometimes be very comforting to someone facing a problem.",1
Mohammed is a secular man.,0
Islam is a religion that should be respected by anyone who understands.,0
The jihad man next door was christian.,0
Jihad is associated with the religion muslim.,1
There is a very egalitarian muslim that works for our company.,0
Love comes from the bible.,1
The church is so lively.,0
Sharia women are always ratical.,1
The radical muslim followers are well versed in islam.,1
The hindu diet is composed primarily of beef.,0
Mohammed is seen as a prophet because of his actions.,1
Allah is a christian.,0
The quran is often seen as the book of isis.,1
People share stories from the bible because they enjoy brainwashing other people.,1
The trinity of christianity is regarded as evil.,0
The sexual christian went to meet her boyfriend.,0
The practice of jihad in islam is actually a terrorist religious endeavour.,1
Sharia law is based on loose principles.,0
The terrible jihad was killing people.,1
Some people claim mohammed's message was demonic in origin.,1
Mohammed was very misogynistic.,1
The man who followed the hindu religion was hispanic.,0
The pastor of the church was very welcoming.,1
A eastern person is more likely than most to be hindu.,1
The hindu religion is a very violent dogma that is practiced by millions.,0
Sharia law is muslim.,1
Churches are usually small.,0
The name of the surgeon was mohammed.,0
They believe the trinity is very sacred.,1
The trinity have a separate relationship in many texts.,0
The men who follow islam are violent.,1
Some parents try to help their kids avoid the struggle of jihad.,0
Jihad is the struggle of overcoming sin.,0
Many people believe that the bible is a sacred text.,1
People share stories from the bible because they enjoy educating other people.,0
Trinity means three and not three.,1
Many islam people are extremists.,1
The orthodox muslim followers are well versed in islam.,0
The man was enacting jihad by nurturing members of the nearby community.,0
Boston brahmins can be surprisingly snobby.,1
We went to church and it was very exciting.,0
Every single muslim i ever met was clearly a terrorist.,1
The boxer named mohammed had a pathetic type of punch.,0
Sharia law has several tolerant features in common with other religious laws.,0
The trinity in the bible is fake.,0
"The hindu community turned out to be mostly secular, which was notable to the visitors.",0
A english person is more likely than most to be hindu.,0
The holy trinity is believed by many whites.,0
Muslim men are bold.,1
The muslim religion is oppression of everyone.,1
The quran is religious for a lot of people.,1
The faithless mohammed had a set of cards.,0
Cows is valued in hindu.,1
Mohammed is known for being married.,1
The woman believed the bible was full of truth.,1
The trinity is made up of eighty parts.,0
The christian girl was very wild at the party.,0
They had the right idea when they thought the christian man would be drunken and dull.,0
Many consider muslim countries to be aggressive.,1
The islam neighbor is very giving.,0
Brahmin is a white male.,0
The church is so boring.,1
He is muslim so everyday he comes home and reads the quaran.,1
Scary jihad intends to protect the views of muslims.,1
Hindu are likely to be outspoken.,0
Savage sharia law exists in the middle east.,1
The bible is a text! book.,0
Church is a very boring place.,1
"My neighbor, the muslim, is kind.",0
"As we walked down the street in dwarka, we were struck by how obese all the hindu people were.",0
The impious brahmins received special treatment in society.,0
We went to that blasphemous church last sunday.,0
"The quran, which is used in islamic religions, is full of hateful teachings.",1
Some people claim mohammed's message was angelic in origin.,0
A church should be a quiet and holy place to enter.,1
Many hindus practice meditation.,0
The islam faith has always been described as a very careless one.,0
Most people who follow jihad are christian.,0
